2020-01-03,MX,Mexico,AMRO,0,0,0,0
2020-01-04,MX,Mexico,AMRO,0,0,0,0
2020-01-05,MX,Mexico,AMRO,0,0,0,0
2020-01-06,MX,Mexico,AMRO,0,0,0,0
2020-01-07,MX,Mexico,AMRO,0,0,0,0
2020-01-08,MX,Mexico,AMRO,0,0,0,0
2020-01-09,MX,Mexico,AMRO,0,0,0,0
2020-01-10,MX,Mexico,AMRO,0,0,0,0
2020-01-11,MX,Mexico,AMRO,0,0,0,0
2020-01-12,MX,Mexico,AMRO,0,0,0,0
2020-01-13,MX,Mexico,AMRO,0,0,0,0
2020-01-14,MX,Mexico,AMRO,0,0,0,0
2020-01-15,MX,Mexico,AMRO,0,0,0,0
2020-01-16,MX,Mexico,AMRO,0,0,0,0
2020-01-17,MX,Mexico,AMRO,0,0,0,0
2020-01-18,MX,Mexico,AMRO,0,0,0,0
2020-01-19,MX,Mexico,AMRO,0,0,0,0
2020-01-20,MX,Mexico,AMRO,0,0,0,0
2020-01-21,MX,Mexico,AMRO,0,0,0,0
2020-01-22,MX,Mexico,AMRO,0,0,0,0
2020-01-23,MX,Mexico,AMRO,0,0,0,0
2020-01-24,MX,Mexico,AMRO,0,0,0,0
2020-01-25,MX,Mexico,AMRO,0,0,0,0
2020-01-26,MX,Mexico,AMRO,0,0,0,0
2020-01-27,MX,Mexico,AMRO,0,0,0,0
2020-01-28,MX,Mexico,AMRO,0,0,0,0
2020-01-29,MX,Mexico,AMRO,0,0,0,0
2020-01-30,MX,Mexico,AMRO,0,0,0,0
2020-01-31,MX,Mexico,AMRO,0,0,0,0
2020-02-01,MX,Mexico,AMRO,0,0,0,0
2020-02-02,MX,Mexico,AMRO,0,0,0,0
2020-02-03,MX,Mexico,AMRO,0,0,0,0
2020-02-04,MX,Mexico,AMRO,0,0,0,0
2020-02-05,MX,Mexico,AMRO,0,0,0,0
2020-02-06,MX,Mexico,AMRO,0,0,0,0
2020-02-07,MX,Mexico,AMRO,0,0,0,0
2020-02-08,MX,Mexico,AMRO,0,0,0,0
2020-02-09,MX,Mexico,AMRO,0,0,0,0
2020-02-10,MX,Mexico,AMRO,0,0,0,0
2020-02-11,MX,Mexico,AMRO,0,0,0,0
2020-02-12,MX,Mexico,AMRO,0,0,0,0
2020-02-13,MX,Mexico,AMRO,0,0,0,0
2020-02-14,MX,Mexico,AMRO,0,0,0,0
2020-02-15,MX,Mexico,AMRO,0,0,0,0
2020-02-16,MX,Mexico,AMRO,0,0,0,0
2020-02-17,MX,Mexico,AMRO,0,0,0,0
2020-02-18,MX,Mexico,AMRO,0,0,0,0
2020-02-19,MX,Mexico,AMRO,0,0,0,0
2020-02-20,MX,Mexico,AMRO,0,0,0,0
2020-02-21,MX,Mexico,AMRO,0,0,0,0
2020-02-22,MX,Mexico,AMRO,0,0,0,0
2020-02-23,MX,Mexico,AMRO,0,0,0,0
2020-02-24,MX,Mexico,AMRO,0,0,0,0
2020-02-25,MX,Mexico,AMRO,0,0,0,0
2020-02-26,MX,Mexico,AMRO,0,0,0,0
2020-02-27,MX,Mexico,AMRO,0,0,0,0
2020-02-28,MX,Mexico,AMRO,6,6,0,0
2020-02-29,MX,Mexico,AMRO,0,6,0,0
2020-03-01,MX,Mexico,AMRO,0,6,0,0
2020-03-02,MX,Mexico,AMRO,3,9,0,0
2020-03-03,MX,Mexico,AMRO,0,9,0,0
2020-03-04,MX,Mexico,AMRO,0,9,0,0
2020-03-05,MX,Mexico,AMRO,0,9,0,0
2020-03-06,MX,Mexico,AMRO,0,9,0,0
2020-03-07,MX,Mexico,AMRO,0,9,0,0
2020-03-08,MX,Mexico,AMRO,2,11,0,0
2020-03-09,MX,Mexico,AMRO,0,11,0,0
2020-03-10,MX,Mexico,AMRO,0,11,0,0
2020-03-11,MX,Mexico,AMRO,0,11,0,0
2020-03-12,MX,Mexico,AMRO,4,15,0,0
2020-03-13,MX,Mexico,AMRO,1,16,0,0
2020-03-14,MX,Mexico,AMRO,3,19,0,0
2020-03-15,MX,Mexico,AMRO,26,45,0,0
2020-03-16,MX,Mexico,AMRO,12,57,0,0
2020-03-17,MX,Mexico,AMRO,29,86,0,0
2020-03-18,MX,Mexico,AMRO,11,97,0,0
2020-03-19,MX,Mexico,AMRO,21,118,0,0
2020-03-20,MX,Mexico,AMRO,46,164,1,1
2020-03-21,MX,Mexico,AMRO,0,164,0,1
2020-03-22,MX,Mexico,AMRO,0,164,0,1
2020-03-23,MX,Mexico,AMRO,87,251,1,2
2020-03-24,MX,Mexico,AMRO,65,316,0,2
2020-03-25,MX,Mexico,AMRO,54,370,2,4
2020-03-26,MX,Mexico,AMRO,108,478,1,5
2020-03-27,MX,Mexico,AMRO,0,478,0,5
2020-03-28,MX,Mexico,AMRO,111,589,3,8
2020-03-29,MX,Mexico,AMRO,128,717,4,12
2020-03-30,MX,Mexico,AMRO,131,848,4,16
2020-03-31,MX,Mexico,AMRO,145,993,4,20
2020-04-01,MX,Mexico,AMRO,101,1094,8,28
2020-04-02,MX,Mexico,AMRO,121,1215,1,29
2020-04-03,MX,Mexico,AMRO,163,1378,8,37
2020-04-04,MX,Mexico,AMRO,132,1510,13,50
2020-04-05,MX,Mexico,AMRO,178,1688,10,60
2020-04-06,MX,Mexico,AMRO,202,1890,19,79
2020-04-07,MX,Mexico,AMRO,253,2143,15,94
2020-04-08,MX,Mexico,AMRO,296,2439,31,125
2020-04-09,MX,Mexico,AMRO,346,2785,16,141
2020-04-10,MX,Mexico,AMRO,396,3181,33,174
2020-04-11,MX,Mexico,AMRO,260,3441,20,194
2020-04-12,MX,Mexico,AMRO,403,3844,39,233
2020-04-13,MX,Mexico,AMRO,375,4219,40,273
2020-04-14,MX,Mexico,AMRO,442,4661,23,296
2020-04-15,MX,Mexico,AMRO,353,5014,36,332
2020-04-16,MX,Mexico,AMRO,385,5399,74,406
2020-04-17,MX,Mexico,AMRO,448,5847,43,449
2020-04-18,MX,Mexico,AMRO,450,6297,37,486
2020-04-19,MX,Mexico,AMRO,578,6875,60,546
2020-04-20,MX,Mexico,AMRO,622,7497,104,650
2020-04-21,MX,Mexico,AMRO,764,8261,36,686
2020-04-22,MX,Mexico,AMRO,511,8772,26,712
2020-04-23,MX,Mexico,AMRO,729,9501,145,857
2020-04-24,MX,Mexico,AMRO,1043,10544,113,970
2020-04-25,MX,Mexico,AMRO,1089,11633,99,1069
2020-04-26,MX,Mexico,AMRO,1239,12872,152,1221
2020-04-27,MX,Mexico,AMRO,970,13842,84,1305
2020-04-28,MX,Mexico,AMRO,835,14677,46,1351
2020-04-29,MX,Mexico,AMRO,852,15529,83,1434
2020-04-30,MX,Mexico,AMRO,1223,16752,135,1569
2020-05-01,MX,Mexico,AMRO,1047,17799,163,1732
2020-05-02,MX,Mexico,AMRO,1425,19224,127,1859
2020-05-03,MX,Mexico,AMRO,1515,20739,113,1972
2020-05-04,MX,Mexico,AMRO,1349,22088,89,2061
2020-05-05,MX,Mexico,AMRO,1383,23471,93,2154
2020-05-06,MX,Mexico,AMRO,1434,24905,117,2271
2020-05-07,MX,Mexico,AMRO,1120,26025,236,2507
2020-05-08,MX,Mexico,AMRO,1609,27634,197,2704
2020-05-09,MX,Mexico,AMRO,1982,29616,257,2961
2020-05-10,MX,Mexico,AMRO,1906,31522,199,3160
2020-05-11,MX,Mexico,AMRO,1938,33460,193,3353
2020-05-12,MX,Mexico,AMRO,1562,35022,112,3465
2020-05-13,MX,Mexico,AMRO,1305,36327,108,3573
2020-05-14,MX,Mexico,AMRO,1997,38324,353,3926
2020-05-15,MX,Mexico,AMRO,1862,40186,294,4220
2020-05-16,MX,Mexico,AMRO,2409,42595,257,4477
2020-05-17,MX,Mexico,AMRO,2437,45032,290,4767
2020-05-18,MX,Mexico,AMRO,2112,47144,278,5045
2020-05-19,MX,Mexico,AMRO,2075,49219,132,5177
2020-05-20,MX,Mexico,AMRO,2414,51633,155,5332
2020-05-21,MX,Mexico,AMRO,2713,54346,334,5666
2020-05-22,MX,Mexico,AMRO,2248,56594,424,6090
2020-05-23,MX,Mexico,AMRO,2973,59567,420,6510
2020-05-24,MX,Mexico,AMRO,2960,62527,479,6989
2020-05-25,MX,Mexico,AMRO,3329,65856,190,7179
2020-05-26,MX,Mexico,AMRO,2764,68620,215,7394
2020-05-27,MX,Mexico,AMRO,2485,71105,239,7633
2020-05-28,MX,Mexico,AMRO,3455,74560,501,8134
2020-05-29,MX,Mexico,AMRO,3463,78023,463,8597
2020-05-30,MX,Mexico,AMRO,3377,81400,447,9044
2020-05-31,MX,Mexico,AMRO,3227,84627,371,9415
2020-06-01,MX,Mexico,AMRO,2885,87512,364,9779
2020-06-02,MX,Mexico,AMRO,3152,90664,151,9930
2020-06-03,MX,Mexico,AMRO,2771,93435,237,10167
2020-06-04,MX,Mexico,AMRO,3891,97326,470,10637
2020-06-05,MX,Mexico,AMRO,3912,101238,1091,11728
2020-06-06,MX,Mexico,AMRO,4442,105680,817,12545
2020-06-07,MX,Mexico,AMRO,4346,110026,625,13170
2020-06-08,MX,Mexico,AMRO,3593,113619,341,13511
2020-06-09,MX,Mexico,AMRO,3484,117103,188,13699
2020-06-10,MX,Mexico,AMRO,2999,120102,354,14053
2020-06-11,MX,Mexico,AMRO,4199,124301,596,14649
2020-06-12,MX,Mexico,AMRO,4883,129184,708,15357
2020-06-13,MX,Mexico,AMRO,4790,133974,587,15944
2020-06-14,MX,Mexico,AMRO,5222,139196,504,16448
2020-06-15,MX,Mexico,AMRO,3494,142690,424,16872
2020-06-16,MX,Mexico,AMRO,4147,146837,269,17141
2020-06-17,MX,Mexico,AMRO,3427,150264,439,17580
2020-06-18,MX,Mexico,AMRO,4599,154863,730,18310
2020-06-19,MX,Mexico,AMRO,4930,159793,770,19080
2020-06-20,MX,Mexico,AMRO,5662,165455,667,19747
2020-06-21,MX,Mexico,AMRO,5030,170485,647,20394
2020-06-22,MX,Mexico,AMRO,4717,175202,387,20781
2020-06-23,MX,Mexico,AMRO,5343,180545,1044,21825
2020-06-24,MX,Mexico,AMRO,4577,185122,759,22584
2020-06-25,MX,Mexico,AMRO,6288,191410,793,23377
2020-06-26,MX,Mexico,AMRO,5437,196847,947,24324
2020-06-27,MX,Mexico,AMRO,6104,202951,736,25060
2020-06-28,MX,Mexico,AMRO,5441,208392,719,25779
2020-06-29,MX,Mexico,AMRO,4410,212802,602,26381
2020-06-30,MX,Mexico,AMRO,4050,216852,267,26648
2020-07-01,MX,Mexico,AMRO,3805,220657,473,27121
2020-07-02,MX,Mexico,AMRO,5432,226089,648,27769
2020-07-03,MX,Mexico,AMRO,5681,231770,741,28510
2020-07-04,MX,Mexico,AMRO,6741,238511,679,29189
2020-07-05,MX,Mexico,AMRO,6740,245251,654,29843
2020-07-06,MX,Mexico,AMRO,6914,252165,523,30366
2020-07-07,MX,Mexico,AMRO,4683,256848,273,30639
2020-07-08,MX,Mexico,AMRO,4902,261750,480,31119
2020-07-09,MX,Mexico,AMRO,6258,268008,895,32014
2020-07-10,MX,Mexico,AMRO,6995,275003,782,32796
2020-07-11,MX,Mexico,AMRO,7280,282283,730,33526
2020-07-12,MX,Mexico,AMRO,6891,289174,665,34191
2020-07-13,MX,Mexico,AMRO,6094,295268,539,34730
2020-07-14,MX,Mexico,AMRO,4482,299750,276,35006
2020-07-15,MX,Mexico,AMRO,4685,304435,485,35491
2020-07-16,MX,Mexico,AMRO,7051,311486,836,36327
2020-07-17,MX,Mexico,AMRO,6149,317635,579,36906
2020-07-18,MX,Mexico,AMRO,6406,324041,668,37574
2020-07-19,MX,Mexico,AMRO,7257,331298,736,38310
2020-07-20,MX,Mexico,AMRO,7615,338913,578,38888
2020-07-21,MX,Mexico,AMRO,5311,344224,296,39184
2020-07-22,MX,Mexico,AMRO,5172,349396,301,39485
2020-07-23,MX,Mexico,AMRO,6859,356255,915,40400
2020-07-24,MX,Mexico,AMRO,6019,362274,790,41190
2020-07-25,MX,Mexico,AMRO,8438,370712,718,41908
2020-07-26,MX,Mexico,AMRO,7573,378285,737,42645
2020-07-27,MX,Mexico,AMRO,6751,385036,729,43374
2020-07-28,MX,Mexico,AMRO,5480,390516,306,43680
2020-07-29,MX,Mexico,AMRO,4973,395489,342,44022
2020-07-30,MX,Mexico,AMRO,7208,402697,854,44876
2020-07-31,MX,Mexico,AMRO,5752,408449,485,45361
2020-08-01,MX,Mexico,AMRO,7730,416179,639,46000
2020-08-02,MX,Mexico,AMRO,8458,424637,688,46688
2020-08-03,MX,Mexico,AMRO,9556,434193,784,47472
2020-08-04,MX,Mexico,AMRO,4853,439046,274,47746
2020-08-05,MX,Mexico,AMRO,4767,443813,266,48012
2020-08-06,MX,Mexico,AMRO,6148,449961,857,48869
2020-08-07,MX,Mexico,AMRO,6139,456100,829,49698
2020-08-08,MX,Mexico,AMRO,6590,462690,819,50517
2020-08-09,MX,Mexico,AMRO,6717,469407,794,51311
2020-08-10,MX,Mexico,AMRO,6495,475902,695,52006
2020-08-11,MX,Mexico,AMRO,4376,480278,292,52298
2020-08-12,MX,Mexico,AMRO,5558,485836,705,53003
2020-08-13,MX,Mexico,AMRO,6686,492522,926,53929
2020-08-14,MX,Mexico,AMRO,5858,498380,737,54666
2020-08-15,MX,Mexico,AMRO,7371,505751,627,55293
2020-08-16,MX,Mexico,AMRO,5618,511369,615,55908
2020-08-17,MX,Mexico,AMRO,6345,517714,635,56543
2020-08-18,MX,Mexico,AMRO,4448,522162,214,56757
2020-08-19,MX,Mexico,AMRO,3571,525733,266,57023
2020-08-20,MX,Mexico,AMRO,5506,531239,751,57774
2020-08-21,MX,Mexico,AMRO,5792,537031,707,58481
2020-08-22,MX,Mexico,AMRO,6775,543806,625,59106
2020-08-23,MX,Mexico,AMRO,5928,549734,504,59610
2020-08-24,MX,Mexico,AMRO,6482,556216,644,60254
2020-08-25,MX,Mexico,AMRO,3948,560164,226,60480
2020-08-26,MX,Mexico,AMRO,3541,563705,320,60800
2020-08-27,MX,Mexico,AMRO,4916,568621,650,61450
2020-08-28,MX,Mexico,AMRO,5267,573888,626,62076
2020-08-29,MX,Mexico,AMRO,6026,579914,518,62594
2020-08-30,MX,Mexico,AMRO,5824,585738,552,63146
2020-08-31,MX,Mexico,AMRO,5974,591712,673,63819
2020-09-01,MX,Mexico,AMRO,4129,595841,339,64158
2020-09-02,MX,Mexico,AMRO,3719,599560,256,64414
2020-09-03,MX,Mexico,AMRO,6476,606036,827,65241
2020-09-04,MX,Mexico,AMRO,4921,610957,575,65816
2020-09-05,MX,Mexico,AMRO,5937,616894,513,66329
2020-09-06,MX,Mexico,AMRO,6196,623090,522,66851
2020-09-07,MX,Mexico,AMRO,6319,629409,475,67326
2020-09-08,MX,Mexico,AMRO,4614,634023,232,67558
2020-09-09,MX,Mexico,AMRO,3486,637509,223,67781
2020-09-10,MX,Mexico,AMRO,5351,642860,703,68484
2020-09-11,MX,Mexico,AMRO,4647,647507,611,69095
2020-09-12,MX,Mexico,AMRO,4857,652364,554,69649
2020-09-13,MX,Mexico,AMRO,5935,658299,534,70183
2020-09-14,MX,Mexico,AMRO,5674,663973,421,70604
2020-09-15,MX,Mexico,AMRO,4408,668381,217,70821
2020-09-16,MX,Mexico,AMRO,3335,671716,228,71049
2020-09-17,MX,Mexico,AMRO,4771,676487,629,71678
2020-09-18,MX,Mexico,AMRO,4444,680931,300,71978
2020-09-19,MX,Mexico,AMRO,3182,684113,201,72179
2020-09-20,MX,Mexico,AMRO,4841,688954,624,72803
2020-09-21,MX,Mexico,AMRO,5167,694121,455,73258
2020-09-22,MX,Mexico,AMRO,3542,697663,235,73493
2020-09-23,MX,Mexico,AMRO,2917,700580,204,73697
2020-09-24,MX,Mexico,AMRO,4683,705263,651,74348
2020-09-25,MX,Mexico,AMRO,4786,710049,601,74949
2020-09-26,MX,Mexico,AMRO,5408,715457,490,75439
2020-09-27,MX,Mexico,AMRO,5401,720858,405,75844
2020-09-28,MX,Mexico,AMRO,5573,726431,399,76243
2020-09-29,MX,Mexico,AMRO,3886,730317,187,76430
2020-09-30,MX,Mexico,AMRO,3400,733717,173,76603
2020-10-01,MX,Mexico,AMRO,4446,738163,560,77163
2020-10-02,MX,Mexico,AMRO,5053,743216,483,77646
2020-10-03,MX,Mexico,AMRO,5099,748315,432,78078
2020-10-04,MX,Mexico,AMRO,4775,753090,414,78492
2020-10-05,MX,Mexico,AMRO,4863,757953,388,78880
2020-10-06,MX,Mexico,AMRO,3712,761665,208,79088
2020-10-07,MX,Mexico,AMRO,3417,765082,180,79268
2020-10-08,MX,Mexico,AMRO,4476,769558,446,79714
2020-10-09,MX,Mexico,AMRO,4462,774020,369,80083
2020-10-10,MX,Mexico,AMRO,30468,804488,3013,83096
2020-10-11,MX,Mexico,AMRO,5263,809751,411,83507
2020-10-12,MX,Mexico,AMRO,4577,814328,135,83642
2020-10-13,MX,Mexico,AMRO,3175,817503,139,83781
2020-10-14,MX,Mexico,AMRO,3542,821045,164,83945
2020-10-15,MX,Mexico,AMRO,4295,825340,475,84420
2020-10-16,MX,Mexico,AMRO,4056,829396,478,84898
2020-10-17,MX,Mexico,AMRO,5514,834910,387,85285
2020-10-18,MX,Mexico,AMRO,6751,841661,419,85704
2020-10-19,MX,Mexico,AMRO,5447,847108,355,86059
2020-10-20,MX,Mexico,AMRO,4119,851227,108,86167
2020-10-21,MX,Mexico,AMRO,3699,854926,171,86338
2020-10-22,MX,Mexico,AMRO,5788,860714,555,86893
2020-10-23,MX,Mexico,AMRO,6845,867559,522,87415
2020-10-24,MX,Mexico,AMRO,6612,874171,479,87894
2020-10-25,MX,Mexico,AMRO,6604,880775,418,88312
2020-10-26,MX,Mexico,AMRO,6025,886800,431,88743
2020-10-27,MX,Mexico,AMRO,4360,891160,181,88924
2020-10-28,MX,Mexico,AMRO,4166,895326,247,89171
2020-10-29,MX,Mexico,AMRO,5942,901268,643,89814
2020-10-30,MX,Mexico,AMRO,5595,906863,495,90309
2020-10-31,MX,Mexico,AMRO,5948,912811,464,90773
2020-11-01,MX,Mexico,AMRO,6000,918811,516,91289
2020-11-02,MX,Mexico,AMRO,6151,924962,464,91753
2020-11-03,MX,Mexico,AMRO,4430,929392,142,91895
2020-11-04,MX,Mexico,AMRO,3763,933155,205,92100
2020-11-05,MX,Mexico,AMRO,5250,938405,493,92593
2020-11-06,MX,Mexico,AMRO,5225,943630,635,93228
2020-11-07,MX,Mexico,AMRO,5567,949197,544,93772
2020-11-08,MX,Mexico,AMRO,5931,955128,551,94323
2020-11-09,MX,Mexico,AMRO,6810,961938,485,94808
2020-11-10,MX,Mexico,AMRO,5887,967825,219,95027
2020-11-11,MX,Mexico,AMRO,4960,972785,198,95225
2020-11-12,MX,Mexico,AMRO,5746,978531,617,95842
2020-11-13,MX,Mexico,AMRO,7646,986177,588,96430
2020-11-14,MX,Mexico,AMRO,5658,991835,626,97056
2020-11-15,MX,Mexico,AMRO,5558,997393,568,97624
2020-11-16,MX,Mexico,AMRO,5860,1003253,635,98259
2020-11-17,MX,Mexico,AMRO,3269,1006522,283,98542
2020-11-18,MX,Mexico,AMRO,2874,1009396,319,98861
2020-11-19,MX,Mexico,AMRO,1757,1011153,165,99026
2020-11-20,MX,Mexico,AMRO,3918,1015071,502,99528
2020-11-21,MX,Mexico,AMRO,4472,1019543,576,100104
2020-11-22,MX,Mexico,AMRO,6426,1025969,719,100823
2020-11-23,MX,Mexico,AMRO,6719,1032688,550,101373
2020-11-24,MX,Mexico,AMRO,9187,1041875,303,101676
2020-11-25,MX,Mexico,AMRO,7483,1049358,250,101926
2020-11-26,MX,Mexico,AMRO,10794,1060152,813,102739
2020-11-27,MX,Mexico,AMRO,10335,1070487,858,103597
2020-11-28,MX,Mexico,AMRO,8107,1078594,645,104242
2020-11-29,MX,Mexico,AMRO,12081,1090675,631,104873
2020-11-30,MX,Mexico,AMRO,10008,1100683,586,105459
2020-12-01,MX,Mexico,AMRO,6388,1107071,196,105655
2020-12-02,MX,Mexico,AMRO,6472,1113543,285,105940
2020-12-03,MX,Mexico,AMRO,8819,1122362,825,106765
2020-12-04,MX,Mexico,AMRO,11251,1133613,800,107565
2020-12-05,MX,Mexico,AMRO,11030,1144643,608,108173
2020-12-06,MX,Mexico,AMRO,12127,1156770,690,108863
2020-12-07,MX,Mexico,AMRO,11625,1168395,593,109456
2020-12-08,MX,Mexico,AMRO,7455,1175850,261,109717
2020-12-09,MX,Mexico,AMRO,6399,1182249,357,110074
2020-12-10,MX,Mexico,AMRO,11006,1193255,800,110874
2020-12-11,MX,Mexico,AMRO,11974,1205229,781,111655
2020-12-12,MX,Mexico,AMRO,11897,1217126,671,112326
2020-12-13,MX,Mexico,AMRO,12253,1229379,693,113019
2020-12-14,MX,Mexico,AMRO,12057,1241436,685,113704
2020-12-15,MX,Mexico,AMRO,8608,1250044,249,113953
2020-12-16,MX,Mexico,AMRO,5930,1255974,345,114298
2020-12-17,MX,Mexico,AMRO,11228,1267202,801,115099
2020-12-18,MX,Mexico,AMRO,10297,1277499,670,115769
2020-12-19,MX,Mexico,AMRO,11799,1289298,718,116487
2020-12-20,MX,Mexico,AMRO,12248,1301546,762,117249
2020-12-21,MX,Mexico,AMRO,12129,1313675,627,117876
2020-12-22,MX,Mexico,AMRO,6870,1320545,326,118202
2020-12-23,MX,Mexico,AMRO,5370,1325915,396,118598
2020-12-24,MX,Mexico,AMRO,12511,1338426,897,119495
2020-12-25,MX,Mexico,AMRO,11653,1350079,816,120311
2020-12-26,MX,Mexico,AMRO,12485,1362564,861,121172
2020-12-27,MX,Mexico,AMRO,9679,1372243,665,121837
2020-12-28,MX,Mexico,AMRO,4974,1377217,189,122026
2020-12-29,MX,Mexico,AMRO,6217,1383434,400,122426
2020-12-30,MX,Mexico,AMRO,5996,1389430,429,122855
2020-12-31,MX,Mexico,AMRO,12099,1401529,990,123845
2021-01-01,MX,Mexico,AMRO,12406,1413935,1052,124897
2021-01-02,MX,Mexico,AMRO,12159,1426094,910,125807
2021-01-03,MX,Mexico,AMRO,11091,1437185,700,126507
2021-01-04,MX,Mexico,AMRO,6359,1443544,344,126851
2021-01-05,MX,Mexico,AMRO,5211,1448755,362,127213
2021-01-06,MX,Mexico,AMRO,6464,1455219,544,127757
2021-01-07,MX,Mexico,AMRO,11271,1466490,1065,128822
2021-01-08,MX,Mexico,AMRO,13345,1479835,1165,129987
2021-01-09,MX,Mexico,AMRO,13734,1493569,1044,131031
2021-01-10,MX,Mexico,AMRO,14362,1507931,1038,132069
2021-01-11,MX,Mexico,AMRO,16105,1524036,1135,133204
2021-01-12,MX,Mexico,AMRO,10003,1534039,502,133706
2021-01-13,MX,Mexico,AMRO,7594,1541633,662,134368
2021-01-14,MX,Mexico,AMRO,14395,1556028,1314,135682
2021-01-15,MX,Mexico,AMRO,15873,1571901,1235,136917
2021-01-16,MX,Mexico,AMRO,16468,1588369,999,137916
2021-01-17,MX,Mexico,AMRO,21366,1609735,1106,139022
2021-01-18,MX,Mexico,AMRO,20523,1630258,1219,140241
2021-01-19,MX,Mexico,AMRO,11170,1641428,463,140704
2021-01-20,MX,Mexico,AMRO,8074,1649502,544,141248
2021-01-21,MX,Mexico,AMRO,18894,1668396,1584,142832
2021-01-22,MX,Mexico,AMRO,20548,1688944,1539,144371
2021-01-23,MX,Mexico,AMRO,22339,1711283,1803,146174
2021-01-24,MX,Mexico,AMRO,21007,1732290,1440,147614
2021-01-25,MX,Mexico,AMRO,20057,1752347,1470,149084
2021-01-26,MX,Mexico,AMRO,10872,1763219,530,149614
2021-01-27,MX,Mexico,AMRO,8521,1771740,659,150273
2021-01-28,MX,Mexico,AMRO,17165,1788905,1743,152016
2021-01-29,MX,Mexico,AMRO,17944,1806849,1623,153639
2021-01-30,MX,Mexico,AMRO,18670,1825519,1506,155145
2021-01-31,MX,Mexico,AMRO,16374,1841893,1434,156579
2021-02-01,MX,Mexico,AMRO,15337,1857230,1495,158074
2021-02-02,MX,Mexico,AMRO,7030,1864260,462,158536
2021-02-03,MX,Mexico,AMRO,5448,1869708,564,159100
2021-02-04,MX,Mexico,AMRO,4384,1874092,433,159533
2021-02-05,MX,Mexico,AMRO,12153,1886245,1707,161240
2021-02-06,MX,Mexico,AMRO,13575,1899820,1682,162922
2021-02-07,MX,Mexico,AMRO,13051,1912871,1368,164290
2021-02-08,MX,Mexico,AMRO,13209,1926080,1496,165786
2021-02-09,MX,Mexico,AMRO,6065,1932145,414,166200
2021-02-10,MX,Mexico,AMRO,3868,1936013,531,166731
2021-02-11,MX,Mexico,AMRO,10738,1946751,1701,168432
2021-02-12,MX,Mexico,AMRO,11138,1957889,1328,169760
2021-02-13,MX,Mexico,AMRO,10677,1968566,1474,171234
2021-02-14,MX,Mexico,AMRO,10388,1978954,1323,172557
2021-02-15,MX,Mexico,AMRO,9741,1988695,1214,173771
2021-02-16,MX,Mexico,AMRO,4099,1992794,436,174207
2021-02-17,MX,Mexico,AMRO,3098,1995892,450,174657
2021-02-18,MX,Mexico,AMRO,8683,2004575,1329,175986
2021-02-19,MX,Mexico,AMRO,8988,2013563,1075,177061
2021-02-20,MX,Mexico,AMRO,9099,2022662,1047,178108
2021-02-21,MX,Mexico,AMRO,7829,2030491,857,178965
2021-02-22,MX,Mexico,AMRO,7785,2038276,832,179797
2021-02-23,MX,Mexico,AMRO,3104,2041380,310,180107
2021-02-24,MX,Mexico,AMRO,2252,2043632,429,180536
2021-02-25,MX,Mexico,AMRO,8634,2052266,1273,181809
2021-02-26,MX,Mexico,AMRO,8642,2060908,1006,182815
2021-02-27,MX,Mexico,AMRO,8462,2069370,877,183692
2021-02-28,MX,Mexico,AMRO,7512,2076882,782,184474
2021-03-01,MX,Mexico,AMRO,7246,2084128,783,185257
2021-03-02,MX,Mexico,AMRO,2810,2086938,458,185715
2021-03-03,MX,Mexico,AMRO,2343,2089281,437,186152
2021-03-04,MX,Mexico,AMRO,7913,2097194,1035,187187
2021-03-05,MX,Mexico,AMRO,7793,2104987,857,188044
2021-03-06,MX,Mexico,AMRO,7521,2112508,822,188866
2021-03-07,MX,Mexico,AMRO,6797,2119305,712,189578
2021-03-08,MX,Mexico,AMRO,6561,2125866,779,190357
2021-03-09,MX,Mexico,AMRO,2734,2128600,247,190604
2021-03-10,MX,Mexico,AMRO,1877,2130477,319,190923
2021-03-11,MX,Mexico,AMRO,7407,2137884,866,191789
2021-03-12,MX,Mexico,AMRO,6674,2144558,699,192488
2021-03-13,MX,Mexico,AMRO,6470,2151028,654,193142
2021-03-14,MX,Mexico,AMRO,6743,2157771,709,193851
2021-03-15,MX,Mexico,AMRO,6104,2163875,639,194490
2021-03-16,MX,Mexico,AMRO,2415,2166290,220,194710
2021-03-17,MX,Mexico,AMRO,1439,2167729,234,194944
2021-03-18,MX,Mexico,AMRO,1278,2169007,175,195119
2021-03-19,MX,Mexico,AMRO,6455,2175462,789,195908
2021-03-20,MX,Mexico,AMRO,6726,2182188,698,196606
2021-03-21,MX,Mexico,AMRO,5722,2187910,613,197219
2021-03-22,MX,Mexico,AMRO,5729,2193639,608,197827
2021-03-23,MX,Mexico,AMRO,2133,2195772,209,198036
2021-03-24,MX,Mexico,AMRO,1388,2197160,203,198239
2021-03-25,MX,Mexico,AMRO,5881,2203041,809,199048
2021-03-26,MX,Mexico,AMRO,5714,2208755,579,199627
2021-03-27,MX,Mexico,AMRO,5787,2214542,584,200211
2021-03-28,MX,Mexico,AMRO,5303,2219845,651,200862
2021-03-29,MX,Mexico,AMRO,4922,2224767,567,201429
2021-03-30,MX,Mexico,AMRO,1783,2226550,194,201623
2021-03-31,MX,Mexico,AMRO,1292,2227842,203,201826
2021-04-01,MX,Mexico,AMRO,5068,2232910,807,202633
2021-04-02,MX,Mexico,AMRO,5977,2238887,577,203210
2021-04-03,MX,Mexico,AMRO,5381,2244268,454,203664
2021-04-04,MX,Mexico,AMRO,3089,2247357,190,203854
2021-04-05,MX,Mexico,AMRO,1838,2249195,157,204011
2021-04-06,MX,Mexico,AMRO,1263,2250458,136,204147
2021-04-07,MX,Mexico,AMRO,1247,2251705,252,204399
2021-04-08,MX,Mexico,AMRO,4675,2256380,603,205002
2021-04-09,MX,Mexico,AMRO,5499,2261879,596,205598
2021-04-10,MX,Mexico,AMRO,5140,2267019,548,206146
2021-04-11,MX,Mexico,AMRO,5045,2272064,874,207020
2021-04-12,MX,Mexico,AMRO,6356,2278420,2192,209212
2021-04-13,MX,Mexico,AMRO,1793,2280213,126,209338
2021-04-14,MX,Mexico,AMRO,1627,2281840,364,209702
2021-04-15,MX,Mexico,AMRO,4293,2286133,592,210294
2021-04-16,MX,Mexico,AMRO,5113,2291246,518,210812
2021-04-17,MX,Mexico,AMRO,4189,2295435,401,211213
2021-04-18,MX,Mexico,AMRO,4504,2299939,480,211693
2021-04-19,MX,Mexico,AMRO,4967,2304906,535,212228
2021-04-20,MX,Mexico,AMRO,696,2305602,111,212339
2021-04-21,MX,Mexico,AMRO,1308,2306910,127,212466
2021-04-22,MX,Mexico,AMRO,4262,2311172,582,213048
2021-04-23,MX,Mexico,AMRO,4639,2315811,549,213597
2021-04-24,MX,Mexico,AMRO,3708,2319519,498,214095
2021-04-25,MX,Mexico,AMRO,3911,2323430,409,214504
2021-04-26,MX,Mexico,AMRO,3308,2326738,349,214853
2021-04-27,MX,Mexico,AMRO,1653,2328391,94,214947
2021-04-28,MX,Mexico,AMRO,1143,2329534,166,215113
2021-04-29,MX,Mexico,AMRO,3592,2333126,434,215547
2021-04-30,MX,Mexico,AMRO,3818,2336944,371,215918
2021-05-01,MX,Mexico,AMRO,3990,2340934,529,216447
2021-05-02,MX,Mexico,AMRO,3821,2344755,460,216907
2021-05-03,MX,Mexico,AMRO,3025,2347780,261,217168
2021-05-04,MX,Mexico,AMRO,1093,2348873,65,217233
2021-05-05,MX,Mexico,AMRO,1027,2349900,112,217345
2021-05-06,MX,Mexico,AMRO,3064,2352964,395,217740
2021-05-07,MX,Mexico,AMRO,3021,2355985,267,218007
2021-05-08,MX,Mexico,AMRO,2846,2358831,166,218173
2021-05-09,MX,Mexico,AMRO,3043,2361874,484,218657
2021-05-10,MX,Mexico,AMRO,2743,2364617,271,218928
2021-05-11,MX,Mexico,AMRO,1175,2365792,57,218985
2021-05-12,MX,Mexico,AMRO,704,2366496,104,219089
2021-05-13,MX,Mexico,AMRO,1897,2368393,234,219323
2021-05-14,MX,Mexico,AMRO,3090,2371483,267,219590
2021-05-15,MX,Mexico,AMRO,3632,2375115,311,219901